IP地址,匿名信息,存活时间,服务器地址,端口,类型,连接时间,连接速度,验证时间
111.177.176.160,高匿,1分钟,湖北随州,9999,HTTP,1.424,7.123,19-02-20 11:21
112.85.130.73,高匿,1分钟,江苏南通,9999,HTTP,0.047,0.237,19-02-20 11:21
125.123.140.215,高匿,1分钟,浙江嘉兴,9999,HTTP,0.037,0.186,19-02-20 11:20
110.52.235.118,高匿,47天,湖南岳阳,9999,HTTPS,0.092,0.462,19-02-20 11:20
183.148.159.24,高匿,1分钟,浙江台州,9999,HTTP,0.893,4.468,19-02-20 11:20
1.198.72.136,高匿,1分钟,河南,9999,HTTPS,0.228,1.142,19-02-20 11:00
221.235.239.171,高匿,1分钟,湖北黄冈,9999,HTTPS,0.021,0.106,19-02-20 11:00
111.177.165.187,高匿,1分钟,湖北随州,9999,HTTPS,0.024,0.124,19-02-20 11:00
182.44.225.57,高匿,1分钟,山东,9999,HTTP,0.042,0.212,19-02-20 10:21
125.123.138.190,高匿,1分钟,浙江嘉兴,9999,HTTP,0.119,0.595,19-02-20 10:21
121.61.1.39,高匿,1分钟,湖北咸宁,9999,HTTP,0.236,1.18,19-02-20 10:21
110.52.235.58,高匿,48天,湖南岳阳,9999,HTTP,0.089,0.448,19-02-20 10:20
121.232.199.53,高匿,1分钟,江苏镇江,9999,HTTP,0.107,0.535,19-02-20 10:20
110.52.235.52,高匿,38天,湖南岳阳,9999,HTTP,0.281,1.408,19-02-20 10:00
115.151.5.237,高匿,1分钟,江西宜春,9999,HTTPS,0.038,0.193,19-02-20 10:00
121.61.26.125,高匿,1分钟,湖北咸宁,9999,HTTPS,0.056,0.282,19-02-20 10:00
183.148.157.97,高匿,1分钟,浙江台州,9999,HTTPS,0.033,0.166,19-02-20 10:00
27.156.215.231,高匿,1分钟,福建福州,9999,HTTP,0.052,0.263,19-02-20 09:20
110.52.235.228,高匿,30天,湖南岳阳,9999,HTTPS,0.026,0.131,19-02-20 09:20
219.238.186.188,高匿,193天,北京,8118,HTTP,0.403,2.015,19-02-20 09:20
121.61.3.25,高匿,1分钟,湖北咸宁,9999,HTTP,0.308,1.542,19-02-20 09:20
110.52.235.3,高匿,47天,湖南岳阳,9999,HTTPS,0.214,1.07,19-02-20 09:20
111.177.182.37,高匿,1分钟,湖北随州,9999,HTTP,0.029,0.146,19-02-20 09:20
123.162.168.192,高匿,140天,河南,40274,HTTP,0.027,0.139,19-02-20 09:20
49.89.143.128,高匿,1分钟,江苏宿迁,9999,HTTP,0.046,0.234,19-02-20 09:20
113.122.168.4,高匿,1分钟,山东日照,9999,HTTP,0.031,0.157,19-02-20 09:20
111.177.165.82,高匿,1分钟,湖北随州,9999,HTTPS,0.026,0.131,19-02-20 09:00
111.177.170.148,高匿,1分钟,湖北随州,9999,HTTPS,0.026,0.134,19-02-20 09:00
111.177.191.181,高匿,1分钟,湖北随州,9999,HTTPS,0.024,0.124,19-02-20 09:00
111.177.184.177,高匿,1分钟,湖北随州,9999,HTTPS,0.024,0.121,19-02-20 09:00
111.177.191.124,高匿,1分钟,湖北随州,9999,HTTPS,0.025,0.129,19-02-20 09:00
113.122.168.83,高匿,1分钟,山东日照,9999,HTTP,0.207,1.037,19-02-20 08:20
59.62.165.2,高匿,1分钟,江西宜春,9999,HTTP,0.043,0.219,19-02-20 08:20
111.177.173.246,高匿,1分钟,湖北随州,9999,HTTP,0.037,0.189,19-02-20 08:20
1.192.240.218,高匿,1分钟,河南郑州,9999,HTTP,0.117,0.587,19-02-20 08:20
114.119.116.92,高匿,152天,广东深圳,61066,HTTPS,0.039,0.199,19-02-20 08:20
60.190.66.131,高匿,132天,浙江温州市乐清,56882,HTTPS,0.039,0.195,19-02-20 08:20
115.151.1.195,高匿,596天,江西宜春,808,HTTP,0.773,3.869,19-02-20 08:20
115.239.25.115,高匿,7天,浙江嘉兴,9999,HTTPS,0.048,0.241,19-02-20 08:20
111.77.197.107,高匿,1分钟,江西宜春,9999,HTTP,0.041,0.208,19-02-20 08:20
111.177.164.168,高匿,1分钟,湖北随州,9999,HTTP,0.045,0.226,19-02-20 08:20
110.189.152.86,高匿,143天,四川自贡,52277,HTTPS,0.07,0.352,19-02-20 08:01
111.177.168.224,高匿,1分钟,湖北随州,9999,HTTPS,0.026,0.13,19-02-20 08:00
111.177.189.117,高匿,1分钟,湖北随州,9999,HTTPS,0.031,0.159,19-02-20 08:00
116.209.58.155,高匿,1分钟,湖北仙桃,9999,HTTP,1.567,7.839,19-02-20 07:21
125.123.143.80,高匿,1分钟,浙江嘉兴,9999,HTTP,0.036,0.18,19-02-20 07:21
59.62.167.139,高匿,623天,江西宜春,808,HTTPS,1.111,5.556,19-02-20 07:21
121.61.0.78,高匿,1分钟,湖北咸宁,9999,HTTP,0.234,1.174,19-02-20 07:20
119.102.190.21,高匿,1分钟,湖北武汉,9999,HTTP,0.023,0.115,19-02-20 07:20
111.181.49.231,高匿,1分钟,湖北鄂州,9999,HTTP,0.12,0.604,19-02-20 07:20
119.102.190.17,高匿,1分钟,湖北武汉,9999,HTTP,0.022,0.113,19-02-20 06:21
221.235.237.100,高匿,1分钟,湖北黄冈,9999,HTTP,0.027,0.136,19-02-20 06:21
125.126.195.118,高匿,7天,浙江台州市黄岩区,9999,HTTPS,0.032,0.162,19-02-20 06:21
119.102.188.215,高匿,10天,湖北武汉,9999,HTTPS,0.024,0.122,19-02-20 06:20
119.102.188.11,高匿,1分钟,湖北武汉,9999,HTTPS,0.025,0.127,19-02-20 06:01
125.126.212.56,高匿,1分钟,浙江台州,9999,HTTPS,0.031,0.158,19-02-20 06:00
59.62.167.3,高匿,1分钟,江西宜春,9999,HTTPS,0.099,0.498,19-02-20 06:00
121.233.207.94,高匿,1分钟,江苏扬州,9999,HTTP,0.029,0.146,19-02-20 05:20
124.94.199.153,高匿,1分钟,辽宁阜新,9999,HTTP,0.026,0.132,19-02-20 05:20
121.61.1.42,高匿,33天,湖北咸宁,9999,HTTPS,0.25,1.253,19-02-20 05:20
180.118.77.2,高匿,48天,江苏镇江,9999,HTTPS,1.533,7.668,19-02-20 05:20
121.61.1.36,高匿,29天,湖北咸宁,9999,HTTP,0.262,1.311,19-02-20 05:20
116.208.52.119,高匿,1分钟,湖北襄阳,9999,HTTP,0.026,0.134,19-02-20 05:20
125.126.196.158,高匿,1分钟,浙江台州市黄岩区,9999,HTTPS,0.034,0.171,19-02-20 05:00
116.209.57.121,高匿,1分钟,湖北仙桃,9999,HTTPS,0.403,2.019,19-02-20 05:00
110.52.235.213,高匿,39天,湖南岳阳,9999,HTTP,0.7,3.5,19-02-20 05:00
116.209.58.124,高匿,1分钟,湖北仙桃,9999,HTTP,0.318,1.59,19-02-20 04:20
119.102.190.142,高匿,1分钟,湖北武汉,9999,HTTPS,0.022,0.112,19-02-20 04:00
116.209.53.34,高匿,1分钟,湖北仙桃,9999,HTTPS,0.709,3.545,19-02-20 04:00
116.209.53.243,高匿,1分钟,湖北仙桃,9999,HTTP,0.096,0.483,19-02-20 03:21
144.255.13.139,高匿,1分钟,山东,9999,HTTP,0.129,0.648,19-02-20 03:21
110.52.235.232,高匿,23天,湖南岳阳,9999,HTTP,1.019,5.099,19-02-20 03:21
27.29.93.145,高匿,1分钟,湖北,9999,HTTP,0.038,0.191,19-02-20 03:21
119.102.188.102,高匿,1分钟,湖北武汉,9999,HTTP,0.023,0.117,19-02-20 03:21
113.128.11.199,高匿,1分钟,山东济南,9999,HTTP,0.019,0.098,19-02-20 03:20
117.90.7.9,高匿,1分钟,江苏镇江,9999,HTTPS,0.305,1.529,19-02-20 03:00
111.177.160.103,高匿,1分钟,湖北随州,9999,HTTPS,0.023,0.117,19-02-20 03:00
119.102.189.218,高匿,1分钟,湖北武汉,9999,HTTPS,0.039,0.196,19-02-20 03:00
111.177.180.194,高匿,1分钟,湖北随州,9999,HTTPS,0.024,0.123,19-02-20 03:00
119.102.189.179,高匿,1分钟,湖北武汉,9999,HTTPS,0.023,0.115,19-02-20 03:00
116.209.56.194,高匿,1分钟,湖北仙桃,9999,HTTP,0.077,0.389,19-02-20 02:21
59.62.165.231,高匿,1天,江西宜春,9999,HTTPS,0.045,0.229,19-02-20 02:20
111.177.164.253,高匿,1分钟,湖北随州,9999,HTTP,0.023,0.116,19-02-20 02:20
111.177.176.140,高匿,1分钟,湖北随州,9999,HTTP,0.024,0.12,19-02-20 02:20
121.61.3.154,高匿,1分钟,湖北咸宁,9999,HTTPS,0.378,1.891,19-02-20 02:00
116.209.59.136,高匿,1分钟,湖北仙桃,9999,HTTPS,0.061,0.306,19-02-20 02:00
1.192.243.131,高匿,1分钟,河南郑州,9999,HTTP,0.02,0.103,19-02-20 01:20
119.102.189.254,高匿,6天,湖北武汉,9999,HTTP,0.22,1.104,19-02-20 01:20
221.235.236.194,高匿,8天,湖北黄冈,9999,HTTP,0.023,0.117,19-02-20 01:20
123.188.217.192,高匿,1分钟,辽宁,9999,HTTPS,0.045,0.225,19-02-20 01:00
121.61.1.91,高匿,1分钟,湖北咸宁,9999,HTTPS,0.035,0.175,19-02-20 01:00
1.192.240.7,高匿,1分钟,河南郑州,9999,HTTPS,0.021,0.107,19-02-20 01:00
58.50.0.139,高匿,1分钟,湖北荆州,9999,HTTPS,0.193,0.966,19-02-20 01:00
122.192.175.204,高匿,1分钟,江苏徐州,9999,HTTP,0.031,0.158,19-02-20 00:20
180.118.77.20,高匿,48天,江苏镇江,9999,HTTP,0.206,1.031,19-02-20 00:20
113.122.169.246,高匿,1分钟,山东日照,9999,HTTPS,0.02,0.102,19-02-20 00:00
125.123.141.85,高匿,1分钟,浙江嘉兴,9999,HTTPS,0.028,0.144,19-02-20 00:00
124.94.194.53,高匿,1分钟,辽宁阜新,9999,HTTPS,0.033,0.169,19-02-20 00:00
119.102.188.219,高匿,1分钟,湖北武汉,9999,HTTPS,0.022,0.114,19-02-20 00:00
125.126.223.125,高匿,1分钟,浙江台州,9999,HTTP,1.442,7.213,19-02-19 23:21
115.203.121.137,高匿,1分钟,浙江台州,9999,HTTP,0.032,0.163,19-02-19 23:20
113.121.145.2,高匿,1分钟,山东,9999,HTTP,0.022,0.112,19-02-19 23:20
125.126.205.215,高匿,1分钟,浙江台州市黄岩区,9999,HTTP,0.035,0.178,19-02-19 23:20
111.177.180.39,高匿,1分钟,湖北随州,9999,HTTP,0.025,0.127,19-02-19 23:20
111.181.51.92,高匿,1分钟,湖北鄂州,9999,HTTP,0.022,0.11,19-02-19 23:20
222.170.101.98,高匿,148天,黑龙江佳木斯,37025,HTTPS,0.087,0.439,19-02-19 23:00
183.148.131.233,高匿,1分钟,浙江台州,9999,HTTPS,0.034,0.171,19-02-19 23:00
125.123.138.192,高匿,42天,浙江嘉兴,9999,HTTPS,0.126,0.631,19-02-19 23:00
125.125.223.224,高匿,1分钟,浙江湖州,9999,HTTPS,0.031,0.155,19-02-19 23:00
119.102.188.217,高匿,1分钟,湖北武汉,9999,HTTPS,0.027,0.136,19-02-19 23:00
210.5.10.87,高匿,63天,广东广州,53281,HTTPS,0.042,0.212,19-02-19 22:20
183.148.129.45,高匿,1分钟,浙江台州,9999,HTTP,0.036,0.181,19-02-19 22:20
119.102.189.118,高匿,1分钟,湖北武汉,9999,HTTP,0.223,1.117,19-02-19 22:20
119.102.188.7,高匿,1分钟,湖北武汉,9999,HTTP,0.024,0.123,19-02-19 22:20
58.54.139.173,高匿,1分钟,湖北荆州,9999,HTTP,0.032,0.161,19-02-19 22:20
183.148.158.164,高匿,1分钟,浙江台州,9999,HTTP,0.034,0.171,19-02-19 22:20
125.126.219.165,高匿,1分钟,浙江台州,9999,HTTPS,0.035,0.175,19-02-19 22:00
183.148.128.253,高匿,1分钟,浙江台州,9999,HTTP,0.03,0.15,19-02-19 21:21
171.41.85.173,高匿,1分钟,湖北,9999,HTTP,0.026,0.13,19-02-19 21:21
116.209.58.20,高匿,11天,湖北仙桃,9999,HTTPS,0.063,0.318,19-02-19 21:21
171.41.86.35,高匿,1分钟,湖北,9999,HTTP,0.073,0.365,19-02-19 21:20
180.164.24.165,高匿,95天,上海,53281,HTTPS,1.126,5.63,19-02-19 21:20
116.209.55.2,高匿,1分钟,湖北仙桃,9999,HTTPS,0.488,2.44,19-02-19 21:00
115.151.2.145,高匿,654天,江西宜春,808,HTTP,0.865,4.328,19-02-19 21:00
111.177.167.72,高匿,1分钟,湖北随州,9999,HTTPS,0.025,0.127,19-02-19 21:00
61.184.42.43,高匿,1分钟,湖北荆州,9999,HTTPS,0.18,0.902,19-02-19 21:00
171.41.86.249,高匿,22天,湖北,9999,HTTP,0.028,0.142,19-02-19 21:00
116.209.58.212,高匿,1分钟,湖北仙桃,9999,HTTP,0.098,0.492,19-02-19 20:20
121.61.2.224,高匿,1分钟,湖北咸宁,9999,HTTP,0.041,0.206,19-02-19 20:20
171.41.85.175,高匿,1分钟,湖北,9999,HTTP,0.022,0.11,19-02-19 20:20
171.41.86.118,高匿,1分钟,湖北,9999,HTTP,0.024,0.123,19-02-19 20:20
122.192.230.114,高匿,1分钟,江苏,9999,HTTP,0.629,3.149,19-02-19 20:20
115.151.6.46,高匿,15天,江西宜春,9999,HTTP,0.208,1.041,19-02-19 20:20
222.189.190.98,高匿,1分钟,江苏扬州,9999,HTTP,0.07,0.351,19-02-19 20:20
171.41.85.182,高匿,1分钟,湖北,9999,HTTP,0.022,0.114,19-02-19 20:20
112.85.164.159,高匿,1分钟,江苏南通,9999,HTTPS,0.046,0.231,19-02-19 20:00
183.148.139.249,高匿,1分钟,浙江台州,9999,HTTPS,0.029,0.148,19-02-19 20:00
111.77.197.10,高匿,9天,江西宜春,9999,HTTP,0.144,0.72,19-02-19 19:21
1.192.242.171,高匿,1分钟,河南郑州,9999,HTTP,0.044,0.221,19-02-19 19:21
116.209.59.6,高匿,1分钟,湖北仙桃,9999,HTTP,0.278,1.394,19-02-19 19:21
59.62.167.93,高匿,1分钟,江西宜春,9999,HTTPS,0.03,0.15,19-02-19 19:00
125.126.219.116,高匿,1分钟,浙江台州,9999,HTTPS,0.037,0.188,19-02-19 19:00
116.209.55.192,高匿,1分钟,湖北仙桃,9999,HTTPS,0.088,0.442,19-02-19 19:00
116.209.55.175,高匿,1分钟,湖北仙桃,9999,HTTPS,0.215,1.078,19-02-19 19:00
183.148.156.76,高匿,1分钟,浙江台州,9999,HTTPS,0.034,0.172,19-02-19 19:00
27.29.75.27,高匿,1分钟,湖北,9999,HTTP,0.031,0.156,19-02-19 18:21
117.91.253.121,高匿,1分钟,江苏扬州,9999,HTTP,0.269,1.349,19-02-19 18:20
221.206.100.133,高匿,149天,黑龙江牡丹江,34073,HTTPS,0.035,0.176,19-02-19 18:20
183.148.129.32,高匿,1分钟,浙江台州,9999,HTTPS,1.439,7.199,19-02-19 18:00
59.62.164.140,高匿,5天,江西宜春,9999,HTTP,0.038,0.19,19-02-19 18:00
111.177.171.252,高匿,1分钟,湖北随州,9999,HTTPS,0.024,0.124,19-02-19 18:00
115.151.5.102,高匿,1分钟,江西宜春,9999,HTTPS,0.03,0.154,19-02-19 18:00
116.209.53.190,高匿,1分钟,湖北仙桃,9999,HTTPS,0.472,2.36,19-02-19 18:00
111.177.184.38,高匿,1分钟,湖北随州,9999,HTTPS,0.028,0.141,19-02-19 18:00
115.239.24.186,高匿,1分钟,浙江嘉兴,9999,HTTP,0.036,0.182,19-02-19 17:21
116.209.57.186,高匿,1分钟,湖北仙桃,9999,HTTP,0.17,0.851,19-02-19 17:20
171.41.81.199,高匿,42天,湖北,9999,HTTP,0.036,0.18,19-02-19 17:20
116.209.54.19,高匿,1分钟,湖北仙桃,9999,HTTP,0.181,0.906,19-02-19 17:20
110.52.235.8,高匿,37天,湖南岳阳,9999,HTTP,0.748,3.74,19-02-19 17:20
125.126.203.120,高匿,1分钟,浙江台州市黄岩区,9999,HTTP,0.033,0.168,19-02-19 17:20
125.123.139.211,高匿,1分钟,浙江嘉兴,9999,HTTP,0.097,0.487,19-02-19 17:20
171.41.81.176,高匿,1分钟,湖北,9999,HTTP,0.023,0.119,19-02-19 17:20
180.117.101.218,高匿,1分钟,江苏,9999,HTTP,0.049,0.245,19-02-19 17:20
171.41.80.109,高匿,1分钟,湖北,9999,HTTPS,0.021,0.107,19-02-19 17:00
221.235.235.85,高匿,1分钟,湖北黄冈,9999,HTTPS,0.021,0.106,19-02-19 17:00
113.122.168.234,高匿,1分钟,山东日照,9999,HTTPS,0.018,0.094,19-02-19 17:00
112.85.166.55,高匿,18天,江苏南通,9999,HTTP,0.034,0.174,19-02-19 17:00
171.41.80.99,高匿,1分钟,湖北,9999,HTTPS,0.025,0.128,19-02-19 17:00
182.44.220.93,高匿,1分钟,山东,9999,HTTPS,0.087,0.437,19-02-19 17:00
183.148.140.197,高匿,1分钟,浙江台州,9999,HTTP,0.034,0.174,19-02-19 16:21
222.135.92.68,高匿,102天,山东威海,38094,HTTPS,0.022,0.112,19-02-19 16:21
111.177.176.230,高匿,1分钟,湖北随州,9999,HTTP,0.026,0.13,19-02-19 16:21
115.151.4.190,高匿,1分钟,江西宜春,9999,HTTP,0.044,0.223,19-02-19 16:21
110.52.235.204,高匿,24天,湖南岳阳,9999,HTTPS,0.263,1.315,19-02-19 16:20
182.44.221.69,高匿,1分钟,山东,9999,HTTP,0.045,0.227,19-02-19 16:20
116.209.53.121,高匿,1分钟,湖北仙桃,9999,HTTPS,0.132,0.662,19-02-19 16:00
110.52.235.40,高匿,47天,湖南岳阳,9999,HTTPS,0.435,2.179,19-02-19 16:00
111.177.171.217,高匿,1分钟,湖北随州,9999,HTTPS,0.023,0.119,19-02-19 16:00
58.50.0.228,高匿,1分钟,湖北荆州,9999,HTTPS,0.39,1.954,19-02-19 16:00
110.52.235.48,高匿,16天,湖南岳阳,9999,HTTP,0.069,0.348,19-02-19 16:00
171.41.82.155,高匿,1分钟,湖北,9999,HTTPS,0.024,0.121,19-02-19 16:00
113.121.145.219,高匿,1分钟,山东,9999,HTTP,0.023,0.117,19-02-19 15:20
171.41.82.65,高匿,1分钟,湖北,9999,HTTP,0.025,0.125,19-02-19 15:20
111.181.66.120,高匿,1分钟,湖北鄂州,9999,HTTP,0.024,0.121,19-02-19 15:20
111.177.178.76,高匿,1分钟,湖北随州,9999,HTTP,0.023,0.118,19-02-19 15:20
59.62.166.157,高匿,1分钟,江西宜春,9999,HTTP,0.039,0.197,19-02-19 15:20
115.151.3.133,高匿,1分钟,江西宜春,9999,HTTP,0.034,0.173,19-02-19 15:20
123.55.98.224,高匿,1分钟,河南鹤壁,9999,HTTP,0.022,0.114,19-02-19 15:20
171.41.80.232,高匿,1分钟,湖北,9999,HTTPS,0.023,0.116,19-02-19 15:00
183.148.139.44,高匿,1分钟,浙江台州,9999,HTTPS,0.031,0.159,19-02-19 15:00
163.204.243.13,高匿,1分钟,广东,9999,HTTPS,0.045,0.229,19-02-19 15:00
115.239.24.57,高匿,30天,浙江嘉兴,9999,HTTP,0.185,0.927,19-02-19 15:00
111.177.187.22,高匿,1分钟,湖北随州,9999,HTTPS,0.025,0.129,19-02-19 15:00
111.177.161.139,高匿,1分钟,湖北随州,9999,HTTPS,0.023,0.116,19-02-19 15:00
116.209.54.36,高匿,1分钟,湖北仙桃,9999,HTTP,0.093,0.466,19-02-19 14:21
111.181.67.174,高匿,1分钟,湖北鄂州,9999,HTTP,0.022,0.11,19-02-19 14:21
111.177.183.18,高匿,1分钟,湖北随州,9999,HTTP,0.025,0.129,19-02-19 14:20
111.177.164.118,高匿,1分钟,湖北随州,9999,HTTP,0.025,0.127,19-02-19 14:20
117.91.252.107,高匿,1分钟,江苏扬州,9999,HTTPS,0.055,0.279,19-02-19 14:00
111.177.189.218,高匿,1分钟,湖北随州,9999,HTTPS,0.024,0.12,19-02-19 14:00
171.41.81.222,高匿,1分钟,湖北,9999,HTTPS,0.027,0.137,19-02-19 14:00
111.177.179.52,高匿,1分钟,湖北随州,9999,HTTP,0.024,0.124,19-02-19 13:21
110.52.235.218,高匿,47天,湖南岳阳,9999,HTTP,0.036,0.182,19-02-19 13:21
115.151.0.73,高匿,24天,江西宜春,9999,HTTPS,0.044,0.22,19-02-19 13:20
110.52.235.195,高匿,1分钟,湖南岳阳,9999,HTTP,0.114,0.574,19-02-19 13:20
171.41.80.70,高匿,1分钟,湖北,9999,HTTP,0.03,0.152,19-02-19 13:20
180.117.96.7,高匿,1分钟,江苏,9999,HTTP,0.034,0.17,19-02-19 13:20
125.126.210.158,高匿,1分钟,浙江台州,9999,HTTPS,0.033,0.169,19-02-19 13:00
111.177.187.219,高匿,1分钟,湖北随州,9999,HTTPS,0.023,0.118,19-02-19 13:00
222.89.32.144,高匿,1分钟,河南济源,9999,HTTPS,0.358,1.793,19-02-19 13:00
121.61.3.132,高匿,17小时,湖北咸宁,9999,HTTP,0.052,0.261,19-02-19 12:21
116.209.52.67,高匿,1分钟,湖北仙桃,9999,HTTP,0.12,0.601,19-02-19 12:20
125.123.141.94,高匿,1分钟,浙江嘉兴,9999,HTTP,0.049,0.245,19-02-19 12:20
58.54.139.142,高匿,1分钟,湖北荆州,9999,HTTP,0.035,0.176,19-02-19 12:20
111.181.65.86,高匿,1分钟,湖北鄂州,9999,HTTP,0.022,0.111,19-02-19 12:20
116.209.58.47,高匿,8天,湖北仙桃,9999,HTTPS,0.543,2.717,19-02-19 12:20
111.177.165.74,高匿,47天,湖北随州,9999,HTTPS,0.036,0.18,19-02-19 12:20
111.177.170.149,高匿,1分钟,湖北随州,9999,HTTP,0.023,0.119,19-02-19 12:20
121.61.3.95,高匿,1分钟,湖北咸宁,9999,HTTPS,0.091,0.459,19-02-19 12:00
121.61.1.231,高匿,1分钟,湖北咸宁,9999,HTTPS,0.251,1.256,19-02-19 12:00
125.123.139.195,高匿,1分钟,浙江嘉兴,9999,HTTPS,0.049,0.246,19-02-19 12:00
111.177.168.115,高匿,57天,湖北随州,9999,HTTPS,0.026,0.131,19-02-19 12:00
116.209.59.74,高匿,1分钟,湖北仙桃,9999,HTTPS,0.085,0.428,19-02-19 12:00
116.209.56.239,高匿,1分钟,湖北仙桃,9999,HTTP,0.791,3.958,19-02-19 11:21
58.55.206.113,高匿,1分钟,湖北鄂州,9999,HTTP,0.027,0.139,19-02-19 11:20
116.209.57.48,高匿,1分钟,湖北仙桃,9999,HTTP,0.274,1.371,19-02-19 11:20
110.52.235.77,高匿,47天,湖南岳阳,9999,HTTPS,0.042,0.211,19-02-19 11:20
222.189.191.234,高匿,1分钟,江苏扬州,9999,HTTP,0.031,0.155,19-02-19 11:20
117.68.195.114,高匿,2天,安徽合肥市巢湖,808,HTTP,1.082,5.414,19-02-19 11:20
222.94.148.114,高匿,1分钟,江苏南京,3128,HTTPS,0.032,0.164,19-02-19 11:00
111.177.177.231,高匿,1分钟,湖北随州,9999,HTTPS,0.031,0.158,19-02-19 11:00
113.128.30.38,高匿,1分钟,山东济南,9999,HTTPS,0.017,0.089,19-02-19 11:00
111.177.182.128,高匿,1分钟,湖北随州,9999,HTTPS,0.022,0.113,19-02-19 11:00
112.87.64.32,高匿,1分钟,江苏宿迁,9999,HTTPS,0.035,0.177,19-02-19 11:00
111.177.186.198,高匿,3天,湖北随州,9999,HTTPS,0.027,0.135,19-02-19 11:00
111.177.178.167,高匿,3天,湖北随州,9999,HTTPS,0.026,0.13,19-02-19 11:00
121.61.26.239,高匿,1分钟,湖北咸宁,9999,HTTPS,0.141,0.706,19-02-19 11:00
121.61.0.58,高匿,30天,湖北咸宁,9999,HTTP,0.264,1.324,19-02-19 10:21
125.126.209.239,高匿,1分钟,浙江台州,9999,HTTP,0.063,0.318,19-02-19 10:21
125.123.136.43,高匿,37天,浙江嘉兴,9999,HTTPS,0.202,1.012,19-02-19 10:21
122.193.245.176,高匿,1分钟,江苏南通,9999,HTTP,0.045,0.227,19-02-19 10:20
58.55.202.86,高匿,1分钟,湖北鄂州,9999,HTTPS,0.022,0.111,19-02-19 10:00
123.163.121.122,高匿,1分钟,河南洛阳,9999,HTTPS,0.025,0.129,19-02-19 10:00
183.148.156.248,高匿,1分钟,浙江台州,9999,HTTPS,0.036,0.182,19-02-19 10:00
115.151.1.208,高匿,1分钟,江西宜春,9999,HTTP,0.039,0.198,19-02-19 09:21
121.61.2.167,高匿,1分钟,湖北咸宁,9999,HTTP,0.038,0.191,19-02-19 09:20
58.55.201.206,高匿,1分钟,湖北鄂州,9999,HTTP,0.036,0.184,19-02-19 09:20
112.85.150.113,高匿,1分钟,江苏南通,9999,HTTP,0.045,0.226,19-02-19 09:20
58.55.205.74,高匿,1分钟,湖北鄂州,9999,HTTP,0.024,0.123,19-02-19 09:20
111.177.178.45,高匿,55天,湖北随州,9999,HTTPS,0.025,0.128,19-02-19 09:20
114.104.134.125,高匿,1分钟,安徽黄山,9999,HTTP,0.243,1.218,19-02-19 09:20
183.148.138.205,高匿,1小时,浙江台州,9999,HTTPS,0.035,0.178,19-02-19 09:00
180.118.77.16,高匿,47天,江苏镇江,9999,HTTP,0.028,0.143,19-02-19 09:00
111.177.171.30,高匿,1分钟,湖北随州,9999,HTTPS,0.032,0.16,19-02-19 09:00
121.61.2.4,高匿,22天,湖北咸宁,9999,HTTPS,0.027,0.136,19-02-19 09:00
183.148.132.66,高匿,1分钟,浙江台州,9999,HTTPS,0.034,0.174,19-02-19 09:00
111.72.154.171,高匿,109天,江西宜春,53128,HTTPS,0.134,0.671,19-02-19 09:00
218.91.112.220,高匿,1分钟,江苏扬州,9999,HTTPS,0.032,0.163,19-02-19 09:00
112.85.169.70,高匿,1分钟,江苏南通,9999,HTTP,0.062,0.311,19-02-19 08:20
113.108.242.36,高匿,104天,广东广州,47713,HTTPS,0.041,0.207,19-02-19 08:20
116.209.53.189,高匿,1分钟,湖北仙桃,9999,HTTP,0.122,0.614,19-02-19 08:20
122.193.246.127,高匿,1分钟,江苏南通,9999,HTTP,0.029,0.147,19-02-19 08:20
114.239.3.153,高匿,692天,江苏宿迁,808,HTTP,0.057,0.287,19-02-19 08:20
125.123.136.26,高匿,12天,浙江嘉兴,9999,HTTP,0.029,0.147,19-02-19 08:20
111.177.172.3,高匿,1分钟,湖北随州,9999,HTTPS,1.424,7.12,19-02-19 08:00
113.121.146.116,高匿,1分钟,山东,9999,HTTPS,0.02,0.101,19-02-19 08:00
112.85.165.211,高匿,1分钟,江苏南通,9999,HTTPS,0.039,0.196,19-02-19 08:00
111.177.189.185,高匿,1分钟,湖北随州,9999,HTTP,1.426,7.134,19-02-19 07:22
121.233.207.148,高匿,1分钟,江苏扬州,9999,HTTP,0.031,0.156,19-02-19 07:22
110.52.235.23,高匿,34天,湖南岳阳,9999,HTTP,1.131,5.655,19-02-19 07:21
112.85.169.8,高匿,1分钟,江苏南通,9999,HTTP,0.035,0.178,19-02-19 07:20
111.177.181.60,高匿,1分钟,湖北随州,9999,HTTP,0.024,0.124,19-02-19 07:20
111.177.162.255,高匿,1分钟,湖北随州,9999,HTTPS,0.025,0.128,19-02-19 07:00
125.123.136.41,高匿,12天,浙江嘉兴,9999,HTTP,0.031,0.159,19-02-19 06:21
120.83.108.27,高匿,6天,广东揭阳市普宁,9999,HTTP,0.042,0.213,19-02-19 06:00
125.126.210.169,高匿,1分钟,浙江台州,9999,HTTPS,0.083,0.418,19-02-19 06:00
112.85.164.100,高匿,1分钟,江苏南通,9999,HTTPS,0.043,0.219,19-02-19 06:00
121.61.0.120,高匿,1分钟,湖北咸宁,9999,HTTP,0.044,0.221,19-02-19 05:21
171.80.153.189,高匿,1分钟,,9999,HTTP,0.033,0.168,19-02-19 05:21
116.209.58.125,高匿,1分钟,湖北仙桃,9999,HTTPS,0.201,1.009,19-02-19 05:00
115.151.5.109,高匿,16天,江西宜春,9999,HTTP,0.033,0.168,19-02-19 05:00
112.85.171.182,高匿,1分钟,江苏南通,9999,HTTPS,0.024,0.124,19-02-19 05:00
60.26.152.236,高匿,17天,天津,53281,HTTP,0.386,1.934,19-02-19 05:00
116.208.54.220,高匿,1分钟,湖北襄阳,9999,HTTPS,0.061,0.305,19-02-19 05:00
116.209.57.253,高匿,15小时,湖北仙桃,9999,HTTP,0.091,0.459,19-02-19 04:21
116.209.54.39,高匿,1分钟,湖北仙桃,9999,HTTP,0.098,0.492,19-02-19 04:20
111.177.177.254,高匿,1分钟,湖北随州,9999,HTTPS,0.024,0.123,19-02-19 04:00
1.192.243.188,高匿,1分钟,河南郑州,9999,HTTPS,0.166,0.83,19-02-19 04:00
111.72.154.189,高匿,1分钟,江西宜春,9999,HTTP,0.033,0.167,19-02-19 03:21
182.44.220.226,高匿,1分钟,山东,9999,HTTP,0.019,0.098,19-02-19 03:21
222.128.9.235,高匿,145天,北京,59593,HTTPS,0.006,0.032,19-02-19 03:20
221.233.44.186,高匿,1分钟,湖北荆州,9999,HTTP,0.196,0.981,19-02-19 03:20
111.177.191.211,高匿,1分钟,湖北随州,9999,HTTP,0.024,0.124,19-02-19 03:20
144.123.70.82,高匿,1分钟,山东,9999,HTTP,0.023,0.119,19-02-19 03:20
112.85.131.95,高匿,37天,江苏南通,9999,HTTPS,0.026,0.13,19-02-19 03:20
123.233.215.211,高匿,19天,山东济南,8118,HTTPS,0.017,0.085,19-02-19 03:00
1.197.203.54,高匿,1分钟,河南济源,9999,HTTPS,0.021,0.109,19-02-19 03:00
144.123.70.206,高匿,1分钟,山东,9999,HTTPS,0.02,0.1,19-02-19 03:00
60.213.15.220,高匿,10小时,山东临沂,8118,HTTPS,0.019,0.095,19-02-19 03:00
125.123.143.4,高匿,47天,浙江嘉兴,9999,HTTPS,0.064,0.321,19-02-19 03:00
123.132.232.254,高匿,147天,山东临沂,37638,HTTPS,0.477,2.389,19-02-19 03:00
113.128.30.201,高匿,185天,山东济南,39008,HTTPS,0.025,0.128,19-02-19 03:00
36.26.224.88,高匿,1分钟,浙江,9999,HTTP,0.419,2.096,19-02-19 02:22
171.80.153.177,高匿,1分钟,,9999,HTTP,0.035,0.175,19-02-19 02:21
111.177.175.174,高匿,1分钟,湖北随州,9999,HTTP,0.024,0.121,19-02-19 02:21
111.177.172.212,高匿,1分钟,湖北随州,9999,HTTP,0.024,0.122,19-02-19 02:20
122.193.247.39,高匿,1分钟,江苏南通,9999,HTTPS,0.028,0.142,19-02-19 02:00
121.61.1.194,高匿,1分钟,湖北咸宁,9999,HTTPS,0.308,1.541,19-02-19 02:00
123.163.115.209,高匿,1分钟,河南漯河,9999,HTTPS,0.18,0.901,19-02-19 02:00
113.128.8.181,高匿,280天,山东济南,23945,HTTPS,0.229,1.146,19-02-19 01:21
111.177.180.249,高匿,1分钟,湖北随州,9999,HTTP,0.025,0.127,19-02-19 01:21
110.52.235.137,高匿,34天,湖南岳阳,9999,HTTPS,0.225,1.127,19-02-19 01:21
112.85.128.98,高匿,1分钟,江苏南通,9999,HTTP,0.035,0.177,19-02-19 01:20
110.52.235.200,高匿,51天,湖南岳阳,9999,HTTP,0.3,1.5,19-02-19 01:00
111.181.62.192,高匿,1分钟,湖北鄂州,9999,HTTPS,0.023,0.116,19-02-19 01:00
111.176.20.233,高匿,1分钟,湖北荆州,9999,HTTP,0.038,0.192,19-02-19 00:21
111.177.191.225,高匿,1分钟,湖北随州,9999,HTTP,1.425,7.125,19-02-19 00:21
111.79.199.104,高匿,1分钟,江西赣州,9999,HTTP,0.036,0.183,19-02-19 00:21
121.61.25.59,高匿,1分钟,湖北咸宁,9999,HTTP,0.03,0.154,19-02-19 00:21
111.177.164.34,高匿,1分钟,湖北随州,9999,HTTP,0.025,0.125,19-02-19 00:20
59.62.165.53,高匿,614天,江西宜春,808,HTTP,1.35,6.751,19-02-19 00:00
117.90.252.142,高匿,1分钟,江苏镇江,9999,HTTPS,0.155,0.779,19-02-19 00:00
116.209.59.236,高匿,19天,湖北仙桃,9999,HTTPS,0.24,1.204,19-02-19 00:00
117.91.255.67,高匿,1分钟,江苏扬州,9999,HTTPS,0.029,0.147,19-02-19 00:00
180.119.68.96,高匿,1分钟,江苏扬州,9999,HTTPS,0.048,0.244,19-02-19 00:00
113.121.146.134,高匿,1分钟,山东,9999,HTTP,0.02,0.103,19-02-18 23:20
116.209.58.83,高匿,16天,湖北仙桃,9999,HTTP,0.91,4.553,19-02-18 23:20
110.52.235.227,高匿,47天,湖南岳阳,9999,HTTP,0.06,0.303,19-02-18 23:20
110.52.235.216,高匿,49天,湖南岳阳,9999,HTTP,0.508,2.54,19-02-18 23:20
123.188.218.123,高匿,1分钟,辽宁,9999,HTTP,0.035,0.179,19-02-18 23:20
111.177.188.168,高匿,1分钟,湖北随州,9999,HTTP,0.024,0.124,19-02-18 23:20
163.204.241.85,高匿,1分钟,广东,9999,HTTP,0.036,0.181,19-02-18 23:20
111.177.175.127,高匿,1分钟,湖北随州,9999,HTTP,0.026,0.131,19-02-18 23:20
125.126.212.184,高匿,1分钟,浙江台州,9999,HTTPS,0.033,0.166,19-02-18 23:00
111.177.179.129,高匿,1分钟,湖北随州,9999,HTTPS,0.025,0.126,19-02-18 23:00
111.177.170.217,高匿,1分钟,湖北随州,9999,HTTPS,0.025,0.127,19-02-18 23:00
144.255.14.185,高匿,392天,山东,21096,HTTPS,0.035,0.175,19-02-18 23:00
111.177.185.83,高匿,1分钟,湖北随州,9999,HTTPS,0.028,0.143,19-02-18 23:00
116.209.59.222,高匿,1分钟,湖北仙桃,9999,HTTP,0.103,0.515,19-02-18 22:20
222.189.191.226,高匿,1分钟,江苏扬州,9999,HTTP,0.068,0.343,19-02-18 22:20
110.52.235.93,高匿,48天,湖南岳阳,9999,HTTP,0.702,3.51,19-02-18 22:20
111.177.175.128,高匿,1分钟,湖北随州,9999,HTTPS,0.026,0.132,19-02-18 22:00
111.177.177.65,高匿,1分钟,湖北随州,9999,HTTPS,0.024,0.124,19-02-18 22:00
180.119.141.38,高匿,648天,江苏扬州,808,HTTPS,1.208,6.042,19-02-18 22:00
111.177.166.205,高匿,1分钟,湖北随州,9999,HTTPS,0.022,0.114,19-02-18 22:00
125.123.139.120,高匿,46天,浙江嘉兴,9999,HTTP,0.03,0.154,19-02-18 21:21
116.209.59.200,高匿,1分钟,湖北仙桃,9999,HTTPS,0.212,1.062,19-02-18 21:00
111.177.175.202,高匿,1分钟,湖北随州,9999,HTTPS,0.029,0.145,19-02-18 21:00
125.123.139.39,高匿,1分钟,浙江嘉兴,9999,HTTP,0.053,0.265,19-02-18 20:20
111.177.189.182,高匿,1分钟,湖北随州,9999,HTTP,0.025,0.126,19-02-18 20:20
171.41.235.117,高匿,1分钟,湖北,9999,HTTP,0.035,0.176,19-02-18 20:20
183.148.134.61,高匿,1分钟,浙江台州,9999,HTTP,0.037,0.188,19-02-18 20:20
110.52.235.246,高匿,47天,湖南岳阳,9999,HTTP,0.256,1.28,19-02-18 20:20
116.209.57.38,高匿,1分钟,湖北仙桃,9999,HTTP,0.043,0.216,19-02-18 20:20
111.177.172.169,高匿,1分钟,湖北随州,9999,HTTP,0.025,0.129,19-02-18 20:20
111.177.171.187,高匿,1天,湖北随州,9999,HTTP,0.022,0.111,19-02-18 20:20
110.52.235.236,高匿,22天,湖南岳阳,9999,HTTPS,0.071,0.358,19-02-18 20:20
222.189.190.105,高匿,1分钟,江苏扬州,9999,HTTP,0.042,0.213,19-02-18 20:20
121.61.0.91,高匿,1分钟,湖北咸宁,9999,HTTPS,0.096,0.483,19-02-18 20:00
111.177.170.10,高匿,1分钟,湖北随州,9999,HTTPS,0.036,0.182,19-02-18 20:00
125.123.140.169,高匿,1分钟,浙江嘉兴,9999,HTTP,0.033,0.167,19-02-18 19:20
125.123.142.116,高匿,1分钟,浙江嘉兴,9999,HTTP,0.224,1.123,19-02-18 19:20
61.178.149.237,高匿,113天,甘肃白银,59042,HTTPS,0.361,1.809,19-02-18 19:20
116.209.53.177,高匿,1分钟,湖北仙桃,9999,HTTP,0.298,1.49,19-02-18 19:20
180.117.103.9,高匿,1分钟,江苏,9999,HTTP,0.056,0.281,19-02-18 19:20
183.148.153.14,高匿,1分钟,浙江台州,9999,HTTPS,0.039,0.195,19-02-18 19:00
59.62.165.21,高匿,20天,江西宜春,9999,HTTPS,0.042,0.212,19-02-18 19:00
112.85.151.43,高匿,1分钟,江苏南通,9999,HTTPS,0.087,0.437,19-02-18 19:00
125.126.196.139,高匿,1分钟,浙江台州市黄岩区,9999,HTTP,0.036,0.181,19-02-18 18:21
111.177.171.197,高匿,1分钟,湖北随州,9999,HTTP,0.024,0.121,19-02-18 18:21
110.52.235.44,高匿,39天,湖南岳阳,9999,HTTP,0.315,1.578,19-02-18 18:20
125.126.210.119,高匿,1分钟,浙江台州,9999,HTTP,0.032,0.163,19-02-18 18:20
125.123.141.55,高匿,1分钟,浙江嘉兴,9999,HTTP,0.102,0.513,19-02-18 18:20
180.119.141.20,高匿,1分钟,江苏扬州,9999,HTTPS,0.049,0.248,19-02-18 18:00
110.52.235.11,高匿,46天,湖南岳阳,9999,HTTPS,0.027,0.137,19-02-18 18:00
112.85.174.142,高匿,1分钟,江苏南通,9999,HTTPS,0.041,0.207,19-02-18 18:00
116.209.59.19,高匿,13天,湖北仙桃,9999,HTTP,0.497,2.485,19-02-18 18:00
111.177.182.187,高匿,1分钟,湖北随州,9999,HTTP,0.024,0.121,19-02-18 17:20
59.62.164.83,高匿,14天,江西宜春,9999,HTTPS,0.066,0.334,19-02-18 17:20
124.94.198.11,高匿,1分钟,辽宁阜新,9999,HTTPS,0.08,0.4,19-02-18 17:00
125.123.140.120,高匿,11天,浙江嘉兴,9999,HTTP,0.033,0.166,19-02-18 16:20
221.235.234.137,高匿,1分钟,湖北黄冈,9999,HTTP,0.021,0.109,19-02-18 16:20
110.52.235.197,高匿,46天,湖南岳阳,9999,HTTP,0.254,1.27,19-02-18 16:20
221.235.232.194,高匿,1分钟,湖北鄂州,9999,HTTP,0.028,0.144,19-02-18 16:20
116.209.53.19,高匿,12天,湖北仙桃,9999,HTTP,0.307,1.538,19-02-18 16:20
115.151.6.248,高匿,1分钟,江西宜春,9999,HTTP,0.035,0.176,19-02-18 16:20
121.61.0.136,高匿,1分钟,湖北咸宁,9999,HTTPS,0.442,2.214,19-02-18 16:00
112.85.175.57,高匿,1分钟,江苏南通,9999,HTTPS,0.053,0.266,19-02-18 16:00
125.123.136.253,高匿,1分钟,浙江嘉兴,9999,HTTPS,0.24,1.201,19-02-18 16:00
111.77.196.145,高匿,1分钟,江西宜春,9999,HTTPS,0.032,0.163,19-02-18 16:00
111.177.180.186,高匿,1分钟,湖北随州,9999,HTTP,0.025,0.125,19-02-18 15:21
59.62.167.172,高匿,209天,江西宜春,53128,HTTPS,0.66,3.301,19-02-18 15:21
124.94.197.198,高匿,1分钟,辽宁阜新,9999,HTTP,0.781,3.908,19-02-18 15:21
111.177.166.224,高匿,1分钟,湖北随州,9999,HTTPS,0.025,0.129,19-02-18 15:00
111.177.186.17,高匿,1分钟,湖北随州,9999,HTTPS,0.024,0.122,19-02-18 15:00
115.151.0.93,高匿,1分钟,江西宜春,9999,HTTPS,0.047,0.237,19-02-18 15:00
110.52.235.104,高匿,36天,湖南岳阳,9999,HTTPS,0.393,1.967,19-02-18 15:00
110.52.235.127,高匿,49天,湖南岳阳,9999,HTTP,0.395,1.976,19-02-18 14:20
116.209.52.127,高匿,1分钟,湖北仙桃,9999,HTTP,0.344,1.72,19-02-18 14:20
121.233.206.134,高匿,1分钟,江苏扬州,9999,HTTP,0.064,0.32,19-02-18 14:20
183.148.134.218,高匿,1分钟,浙江台州,9999,HTTP,0.034,0.174,19-02-18 14:20
111.177.173.142,高匿,9小时,湖北随州,9999,HTTP,0.024,0.12,19-02-18 14:20
116.209.58.118,高匿,1分钟,湖北仙桃,9999,HTTP,0.647,3.235,19-02-18 14:20
121.61.0.109,高匿,1分钟,湖北咸宁,9999,HTTP,0.685,3.428,19-02-18 14:20
116.209.52.42,高匿,1分钟,湖北仙桃,9999,HTTP,1.495,7.479,19-02-18 14:20
111.176.23.75,高匿,49天,湖北荆州,9999,HTTP,0.089,0.446,19-02-18 14:20
111.177.176.13,高匿,47天,湖北随州,9999,HTTPS,0.024,0.123,19-02-18 14:20
115.151.7.198,高匿,1分钟,江西宜春,9999,HTTPS,0.034,0.174,19-02-18 14:00
116.209.56.83,高匿,1分钟,湖北仙桃,9999,HTTP,0.098,0.491,19-02-18 13:21
112.85.174.166,高匿,1分钟,江苏南通,9999,HTTP,0.03,0.153,19-02-18 13:20
171.80.174.110,高匿,1分钟,,9999,HTTP,0.036,0.181,19-02-18 13:20
116.209.57.87,高匿,1分钟,湖北仙桃,9999,HTTP,0.248,1.24,19-02-18 13:20
121.61.2.132,高匿,1分钟,湖北咸宁,9999,HTTP,0.127,0.638,19-02-18 13:20
222.72.104.18,高匿,1分钟,上海,53281,HTTP,1.362,6.813,19-02-18 13:20
111.177.165.229,高匿,1分钟,湖北随州,9999,HTTP,0.025,0.129,19-02-18 13:20
111.177.164.140,高匿,1分钟,湖北随州,9999,HTTP,0.023,0.119,19-02-18 13:20
115.151.3.125,高匿,1分钟,江西宜春,9999,HTTP,0.036,0.18,19-02-18 13:20
1.192.243.161,高匿,1分钟,河南郑州,9999,HTTPS,0.043,0.219,19-02-18 13:00
59.62.167.214,高匿,591天,江西宜春,808,HTTP,0.77,3.854,19-02-18 13:00
125.106.129.101,高匿,1分钟,浙江衢州,9999,HTTPS,0.037,0.188,19-02-18 13:00
182.44.221.38,高匿,1分钟,山东,9999,HTTPS,0.031,0.156,19-02-18 13:00
111.177.166.78,高匿,1分钟,湖北随州,9999,HTTP,0.024,0.122,19-02-18 12:21
116.209.53.69,高匿,1分钟,湖北仙桃,9999,HTTP,0.134,0.674,19-02-18 12:21
183.148.156.249,高匿,1分钟,浙江台州,9999,HTTP,0.032,0.163,19-02-18 12:21
111.177.164.6,高匿,1分钟,湖北随州,9999,HTTP,0.224,1.124,19-02-18 12:21
113.121.145.217,高匿,1分钟,山东,9999,HTTP,0.063,0.318,19-02-18 12:20
111.177.164.111,高匿,1分钟,湖北随州,9999,HTTPS,0.028,0.141,19-02-18 12:00
111.177.164.80,高匿,1分钟,湖北随州,9999,HTTPS,0.024,0.123,19-02-18 12:00
111.177.178.138,高匿,1分钟,湖北随州,9999,HTTPS,0.025,0.125,19-02-18 12:00
183.148.151.103,高匿,1分钟,浙江台州,9999,HTTPS,0.031,0.159,19-02-18 12:00
59.62.164.175,高匿,1分钟,江西宜春,9999,HTTP,0.039,0.195,19-02-18 11:21
121.61.2.30,高匿,33天,湖北咸宁,9999,HTTP,0.513,2.569,19-02-18 11:21
125.123.136.77,高匿,1分钟,浙江嘉兴,9999,HTTP,0.065,0.329,19-02-18 11:20
116.209.59.231,高匿,1分钟,湖北仙桃,9999,HTTP,0.344,1.722,19-02-18 11:20
111.181.64.240,高匿,1分钟,湖北鄂州,9999,HTTP,0.03,0.153,19-02-18 11:20
121.61.0.254,高匿,1天,湖北咸宁,9999,HTTPS,0.039,0.197,19-02-18 11:20
125.123.142.14,高匿,1分钟,浙江嘉兴,9999,HTTP,0.067,0.339,19-02-18 11:20
111.181.67.116,高匿,47天,湖北鄂州,9999,HTTPS,0.024,0.121,19-02-18 11:00
111.181.66.24,高匿,1分钟,湖北鄂州,9999,HTTPS,0.022,0.11,19-02-18 11:00
111.177.178.155,高匿,1分钟,湖北随州,9999,HTTPS,0.028,0.141,19-02-18 11:00
113.121.146.207,高匿,11天,山东,9999,HTTPS,0.027,0.139,19-02-18 10:21
116.209.53.178,高匿,1分钟,湖北仙桃,9999,HTTP,0.542,2.713,19-02-18 10:20
111.181.66.241,高匿,1分钟,湖北鄂州,9999,HTTP,0.023,0.116,19-02-18 10:20
111.177.184.97,高匿,2天,湖北随州,9999,HTTPS,0.023,0.119,19-02-18 10:20
116.209.52.218,高匿,1分钟,湖北仙桃,9999,HTTP,0.295,1.476,19-02-18 10:20
111.177.168.134,高匿,1分钟,湖北随州,9999,HTTP,0.023,0.117,19-02-18 10:20
123.188.218.87,高匿,1分钟,辽宁,9999,HTTP,0.313,1.569,19-02-18 10:20
222.189.190.125,高匿,1分钟,江苏扬州,9999,HTTPS,0.048,0.244,19-02-18 10:00
113.128.31.177,高匿,1分钟,山东济南,9999,HTTPS,0.018,0.09,19-02-18 10:00
111.177.170.192,高匿,1分钟,湖北随州,9999,HTTPS,0.025,0.128,19-02-18 10:00
116.209.52.89,高匿,15小时,湖北仙桃,9999,HTTP,0.067,0.339,19-02-18 09:20
110.52.235.224,高匿,49天,湖南岳阳,9999,HTTP,0.072,0.362,19-02-18 09:20
116.209.55.57,高匿,1分钟,湖北仙桃,9999,HTTP,0.499,2.495,19-02-18 09:20
1.198.73.128,高匿,1分钟,河南,9999,HTTP,0.03,0.151,19-02-18 09:20
111.177.182.38,高匿,1分钟,湖北随州,9999,HTTP,0.024,0.122,19-02-18 09:20
111.181.65.68,高匿,1分钟,湖北鄂州,9999,HTTP,0.026,0.132,19-02-18 09:20
116.209.52.54,高匿,13天,湖北仙桃,9999,HTTP,0.416,2.082,19-02-18 09:00
110.52.235.229,高匿,38天,湖南岳阳,9999,HTTPS,0.323,1.618,19-02-18 09:00
112.85.166.241,高匿,1分钟,江苏南通,9999,HTTP,0.048,0.244,19-02-18 08:21
58.55.207.85,高匿,1分钟,湖北鄂州,9999,HTTP,0.025,0.129,19-02-18 08:21
58.55.207.55,高匿,1分钟,湖北鄂州,9999,HTTP,0.022,0.11,19-02-18 08:21
111.177.173.146,高匿,1分钟,湖北随州,9999,HTTP,0.026,0.131,19-02-18 08:21
111.177.171.20,高匿,1分钟,湖北随州,9999,HTTP,0.024,0.122,19-02-18 08:20
122.4.44.252,高匿,1分钟,山东济南,9999,HTTP,0.017,0.086,19-02-18 08:20
121.61.1.85,高匿,1分钟,湖北咸宁,9999,HTTPS,0.047,0.239,19-02-18 08:00
122.4.45.0,高匿,1分钟,山东济南,9999,HTTPS,0.603,3.017,19-02-18 08:00
116.209.58.246,高匿,1分钟,湖北仙桃,9999,HTTPS,0.943,4.716,19-02-18 08:00
116.209.54.237,高匿,1分钟,湖北仙桃,9999,HTTPS,0.069,0.345,19-02-18 08:00
180.118.77.9,高匿,6天,江苏镇江,9999,HTTP,0.171,0.855,19-02-18 08:00
115.151.1.88,高匿,1分钟,江西宜春,9999,HTTPS,0.042,0.213,19-02-18 08:00
116.209.54.215,高匿,1天,湖北仙桃,9999,HTTP,0.29,1.451,19-02-18 08:00
121.61.3.7,高匿,1分钟,湖北咸宁,9999,HTTPS,0.184,0.922,19-02-18 08:00
116.209.56.17,高匿,1分钟,湖北仙桃,9999,HTTP,0.234,1.173,19-02-18 07:20
183.148.153.84,高匿,1分钟,浙江台州,9999,HTTP,0.033,0.169,19-02-18 07:20
117.95.214.202,高匿,1分钟,江苏宿迁,9999,HTTP,0.033,0.166,19-02-18 07:20
58.210.94.242,高匿,130天,江苏苏州,43627,HTTPS,0.035,0.178,19-02-18 07:00
61.142.72.150,高匿,145天,广东中山,39894,HTTPS,0.041,0.205,19-02-18 07:00
110.52.235.171,高匿,36天,湖南岳阳,9999,HTTPS,0.214,1.071,19-02-18 07:00
121.61.24.139,高匿,9天,湖北咸宁,9999,HTTP,0.044,0.224,19-02-18 07:00
58.55.195.247,高匿,1分钟,湖北鄂州,9999,HTTPS,0.046,0.232,19-02-18 07:00
58.55.200.237,高匿,1分钟,湖北鄂州,9999,HTTP,0.031,0.158,19-02-18 06:21
112.85.168.99,高匿,1分钟,江苏南通,9999,HTTP,0.042,0.212,19-02-18 06:21
117.114.149.10,高匿,135天,北京,43727,HTTP,1.309,6.549,19-02-18 06:21
110.52.235.106,高匿,36天,湖南岳阳,9999,HTTP,0.32,1.601,19-02-18 06:21
111.177.177.120,高匿,1分钟,湖北随州,9999,HTTP,0.026,0.133,19-02-18 06:20
121.233.207.203,高匿,11天,江苏扬州,9999,HTTPS,0.03,0.152,19-02-18 06:20
111.177.176.156,高匿,1分钟,湖北随州,9999,HTTP,0.03,0.151,19-02-18 06:20
111.177.179.95,高匿,1分钟,湖北随州,9999,HTTPS,0.029,0.146,19-02-18 06:00
121.63.199.156,高匿,1分钟,湖北襄阳,9999,HTTP,0.061,0.309,19-02-18 05:20
58.54.137.54,高匿,17天,湖北荆州,9999,HTTP,0.047,0.236,19-02-18 05:20
59.62.165.225,高匿,1分钟,江西宜春,9999,HTTP,0.032,0.164,19-02-18 05:20
58.55.131.112,高匿,1分钟,湖北鄂州,9999,HTTP,0.023,0.116,19-02-18 05:20
117.90.3.210,高匿,1分钟,江苏镇江,9999,HTTP,0.047,0.238,19-02-18 05:20
113.121.147.32,高匿,1分钟,山东,9999,HTTP,0.018,0.091,19-02-18 05:20
110.52.235.146,高匿,49天,湖南岳阳,9999,HTTPS,0.258,1.292,19-02-18 05:20
121.61.25.5,高匿,2天,湖北咸宁,9999,HTTP,1.51,7.554,19-02-18 05:20
121.63.199.81,高匿,1分钟,湖北襄阳,9999,HTTPS,0.061,0.309,19-02-18 05:00
116.209.55.191,高匿,7天,湖北仙桃,9999,HTTPS,0.195,0.977,19-02-18 04:21
58.50.1.182,高匿,1分钟,湖北荆州,9999,HTTP,0.237,1.187,19-02-18 04:21
121.233.251.110,高匿,1分钟,江苏扬州,9999,HTTP,0.029,0.146,19-02-18 04:21
